label,n_obs,n_intra,coef_log_d,se_log_d,coef_home,se_home,home_multiplier,r2,year,theta,d_min,spec
A1_baseline_cepii_y2010,28053,10,-1.8361753909082554,0.019052037492370753,2.1322300199359336,0.6912555172683923,8.433653071269516,0.7130175653206605,2010,,,A1_baseline_cepii_intra
A2_baseline_polygon_y2010,28053,10,-1.836175390908254,0.01905203749237075,2.1584542152271395,0.6912291261903311,8.657744300199154,0.7130175653206605,2010,,,A2_baseline_polygon_intra
Bprime_y2010_theta-3.0_dmin0.5km,28053,10,-1.8361753909082617,0.01905203749237079,-1.1546663433873987,0.695398875740685,0.31516267547306515,0.7130175653206605,2010,-3.0,0.5,B_prime
Bprime_y2010_theta-3.0_dmin1.0km,28053,10,-1.836175390908256,0.019052037492370763,-0.36473736798842005,0.6942524542805657,0.6943789930842331,0.7130175653206605,2010,-3.0,1.0,B_prime
Bprime_y2010_theta-3.0_dmin2.0km,28053,10,-1.8361753909082548,0.019052037492370773,0.30779643393617206,0.6933512789335754,1.3604240245840133,0.7130175653206605,2010,-3.0,2.0,B_prime
Bprime_y2010_theta-3.0_dmin5.0km,28053,10,-1.8361753909082554,0.01905203749237077,1.1142596765482988,0.6923618364292357,3.0473113478377347,0.7130175653206605,2010,-3.0,5.0,B_prime
Bprime_y2010_theta-3.0_dmin10.0km,28053,10,-1.836175390908259,0.019052037492370773,1.6011447054251724,0.6918127961230505,4.958705433825242,0.7130175653206605,2010,-3.0,10.0,B_prime
Bprime_y2010_theta-3.0_dmin20.0km,28053,10,-1.8361753909082563,0.019052037492370777,1.9756118644149663,0.6914153406089185,7.211030477214165,0.7130175653206605,2010,-3.0,20.0,B_prime
Bprime_y2010_theta-3.0_dmin50.0km,28053,10,-1.8361753909082505,0.01905203749237075,2.336298852107114,0.6910529502476097,10.34288508692386,0.7130175653206605,2010,-3.0,50.0,B_prime
Bprime_y2010_theta-3.0_dmin100.0km,28053,10,-1.8361753909082537,0.01905203749237077,2.498597414588306,0.6908964365044646,12.165418949775987,0.7130175653206605,2010,-3.0,100.0,B_prime
Bprime_y2010_theta-3.0_dmin200.0km,28053,10,-1.8361753909082636,0.019052037492370794,2.5932248744942563,0.6908070599887074,13.372827831805184,0.7130175653206605,2010,-3.0,200.0,B_prime
Bprime_y2010_theta-3.0_dmin500.0km,28053,10,-1.836175390908257,0.019052037492370773,2.61002643720398,0.6907913354376781,13.599410377464636,0.7130175653206605,2010,-3.0,500.0,B_prime
Bprime_y2010_theta-5.0_dmin0.5km,28053,10,-1.8361753909082632,0.0190520374923708,-2.919380303081488,0.6983008091579516,0.053967120198242,0.7130175653206605,2010,-5.0,0.5,B_prime
Bprime_y2010_theta-5.0_dmin1.0km,28053,10,-1.8361753909082577,0.01905203749237077,-2.054051248486205,0.6968192343850721,0.12821442151749454,0.7130175653206605,2010,-5.0,1.0,B_prime
Bprime_y2010_theta-5.0_dmin2.0km,28053,10,-1.83617539090826,0.019052037492370794,-1.2927136535147152,0.6956089429288601,0.2745248061809285,0.7130175653206605,2010,-5.0,2.0,B_prime
Bprime_y2010_theta-5.0_dmin5.0km,28053,10,-1.836175390908258,0.019052037492370773,-0.3784755210726658,0.6942715818111278,0.6849047365831519,0.7130175653206605,2010,-5.0,5.0,B_prime
Bprime_y2010_theta-5.0_dmin10.0km,28053,10,-1.836175390908263,0.019052037492370794,0.20906922986304566,0.6934792464358911,1.2325303234821978,0.7130175653206605,2010,-5.0,10.0,B_prime
Bprime_y2010_theta-5.0_dmin20.0km,28053,10,-1.8361753909082503,0.019052037492370753,0.7047774259170101,0.6928517736337229,2.0233962792285154,0.7130175653206605,2010,-5.0,20.0,B_prime
Bprime_y2010_theta-5.0_dmin50.0km,28053,10,-1.83617539090825,0.019052037492370746,1.2821424774067083,0.6921684060992039,3.6043537054844936,0.7130175653206605,2010,-5.0,50.0,B_prime
Bprime_y2010_theta-5.0_dmin100.0km,28053,10,-1.8361753909082552,0.01905203749237078,1.5804443900981826,0.6918353970337408,4.85711378498263,0.7130175653206605,2010,-5.0,100.0,B_prime
Bprime_y2010_theta-5.0_dmin200.0km,28053,10,-1.8361753909082585,0.019052037492370756,1.8392915564416747,0.6915575290214343,6.292079098774772,0.7130175653206605,2010,-5.0,200.0,B_prime
Bprime_y2010_theta-5.0_dmin500.0km,28053,10,-1.8361753909082543,0.01905203749237074,2.0305119485661223,0.691358886399701,7.617985377337004,0.7130175653206605,2010,-5.0,500.0,B_prime
Bprime_y2010_theta-7.0_dmin0.5km,28053,10,-1.8361753909082572,0.01905203749237077,-3.3595759212826715,0.6990975377872821,0.03474999255268189,0.7130175653206605,2010,-7.0,0.5,B_prime
Bprime_y2010_theta-7.0_dmin1.0km,28053,10,-1.836175390908258,0.019052037492370767,-2.4942468666874094,0.6975588679347602,0.08255860561973057,0.7130175653206605,2010,-7.0,1.0,B_prime
Bprime_y2010_theta-7.0_dmin2.0km,28053,10,-1.8361753909082603,0.019052037492370794,-1.7329092717159595,0.6962980457258388,0.17676939097861818,0.7130175653206605,2010,-7.0,2.0,B_prime
Bprime_y2010_theta-7.0_dmin5.0km,28053,10,-1.8361753909082585,0.01905203749237078,-0.8186711392737909,0.6948996633460789,0.44101731587926696,0.7130175653206605,2010,-7.0,5.0,B_prime
Bprime_y2010_theta-7.0_dmin10.0km,28053,10,-1.8361753909082583,0.01905203749237079,-0.23112638833812182,0.6940679281007217,0.7936391529625637,0.7130175653206605,2010,-7.0,10.0,B_prime
Bprime_y2010_theta-7.0_dmin20.0km,28053,10,-1.8361753909082574,0.019052037492370784,0.2645818077157893,0.693407109222914,1.3028860049605349,0.7130175653206605,2010,-7.0,20.0,B_prime
Bprime_y2010_theta-7.0_dmin50.0km,28053,10,-1.8361753909082652,0.01905203749237079,0.8419468592054999,0.6926847890131211,2.3208810098207624,0.7130175653206605,2010,-7.0,50.0,B_prime
Bprime_y2010_theta-7.0_dmin100.0km,28053,10,-1.8361753909082563,0.019052037492370777,1.1402487718969356,0.6923316092599984,3.127546314045536,0.7130175653206605,2010,-7.0,100.0,B_prime
Bprime_y2010_theta-7.0_dmin200.0km,28053,10,-1.8361753909082597,0.01905203749237077,1.399095938240513,0.6920362145428677,4.051535472341842,0.7130175653206605,2010,-7.0,200.0,B_prime
Bprime_y2010_theta-7.0_dmin500.0km,28053,10,-1.836175390908254,0.01905203749237077,1.5903163303648933,0.6918246104777936,4.90530037838691,0.7130175653206605,2010,-7.0,500.0,B_prime
A1_baseline_cepii_y2015,29233,6,-1.8465051355255764,0.018750088927962885,4.86262533382383,0.7669899613807998,129.3633787403958,0.7184114683727694,2015,,,A1_baseline_cepii_intra
A2_baseline_polygon_y2015,29233,6,-1.8465051355255844,0.01875008892796291,6.207274682296647,0.7661629245381449,496.34670388009994,0.7184114683727694,2015,,,A2_baseline_polygon_intra
Bprime_y2015_theta-3.0_dmin0.5km,29233,6,-1.8465051355255835,0.018750088927962916,1.691436109754609,0.7698964682853637,5.427269265511927,0.7184114683727694,2015,-3.0,0.5,B_prime
Bprime_y2015_theta-3.0_dmin1.0km,29233,6,-1.8465051355255786,0.01875008892796289,2.583362790529661,0.7689438055910737,13.24159207358894,0.7184114683727694,2015,-3.0,1.0,B_prime
Bprime_y2015_theta-3.0_dmin2.0km,29233,6,-1.8465051355255797,0.018750088927962896,3.3866735189343222,0.7681761836393405,29.567432993946856,0.7184114683727694,2015,-3.0,2.0,B_prime
Bprime_y2015_theta-3.0_dmin5.0km,29233,6,-1.84650513552558,0.018750088927962903,4.414483110773177,0.7673193800337791,82.63911459662577,0.7184114683727694,2015,-3.0,5.0,B_prime
Bprime_y2015_theta-3.0_dmin10.0km,29233,6,-1.8465051355255777,0.01875008892796288,5.094139970779365,0.7668303041287488,163.06354488867444,0.7184114683727694,2015,-3.0,10.0,B_prime
Bprime_y2015_theta-3.0_dmin20.0km,29233,6,-1.8465051355255766,0.0187500889279629,5.659000660763777,0.7664708835443178,286.861826987815,0.7184114683727694,2015,-3.0,20.0,B_prime
Bprime_y2015_theta-3.0_dmin50.0km,29233,6,-1.8465051355255795,0.018750088927962892,6.20307480944434,0.7661651302658762,494.26648222411166,0.7184114683727694,2015,-3.0,50.0,B_prime
Bprime_y2015_theta-3.0_dmin100.0km,29233,6,-1.8465051355255793,0.01875008892796291,6.447892214083879,0.7660405087675833,631.3700963160916,0.7184114683727694,2015,-3.0,100.0,B_prime
Bprime_y2015_theta-3.0_dmin200.0km,29233,6,-1.8465051355255815,0.01875008892796291,6.590631920385695,0.7659715628380113,728.2409148074055,0.7184114683727694,2015,-3.0,200.0,B_prime
Bprime_y2015_theta-3.0_dmin500.0km,29233,6,-1.8465051355255846,0.01875008892796291,6.615976044902754,0.7659596072362771,746.9334152158784,0.7184114683727694,2015,-3.0,500.0,B_prime
Bprime_y2015_theta-5.0_dmin0.5km,29233,6,-1.8465051355255893,0.018750088927962937,0.05914173193650374,0.7719121081340432,1.0609255971241234,0.7184114683727694,2015,-5.0,0.5,B_prime
Bprime_y2015_theta-5.0_dmin1.0km,29233,6,-1.846505135525581,0.018750088927962906,0.9510684127119049,0.7707671961239126,2.5884737407120704,0.7184114683727694,2015,-5.0,1.0,B_prime
Bprime_y2015_theta-5.0_dmin2.0km,29233,6,-1.8465051355255822,0.018750088927962913,1.7543791411161291,0.7698257833662435,5.7798581514766525,0.7184114683727694,2015,-5.0,2.0,B_prime
Bprime_y2015_theta-5.0_dmin5.0km,29233,6,-1.8465051355255873,0.018750088927962923,2.7821887329556065,0.7687458240308533,16.15433981807628,0.7184114683727694,2015,-5.0,5.0,B_prime
Bprime_y2015_theta-5.0_dmin10.0km,29233,6,-1.846505135525577,0.018750088927962868,3.4618455929610787,0.7681087444423262,31.87575192362303,0.7184114683727694,2015,-5.0,10.0,B_prime
Bprime_y2015_theta-5.0_dmin20.0km,29233,6,-1.8465051355255773,0.018750088927962875,4.105047252487633,0.7675625022213367,60.645610135845345,0.7184114683727694,2015,-5.0,20.0,B_prime
Bprime_y2015_theta-5.0_dmin50.0km,29233,6,-1.8465051355255846,0.018750088927962913,4.927110472177892,0.7669447704008376,137.98023802397438,0.7184114683727694,2015,-5.0,50.0,B_prime
Bprime_y2015_theta-5.0_dmin100.0km,29233,6,-1.846505135525576,0.018750088927962878,5.377080570172638,0.766644926071978,216.38961806959537,0.7184114683727694,2015,-5.0,100.0,B_prime
Bprime_y2015_theta-5.0_dmin200.0km,29233,6,-1.8465051355255808,0.018750088927962906,5.767535608675017,0.7664067200218687,319.74877478943404,0.7184114683727694,2015,-5.0,200.0,B_prime
Bprime_y2015_theta-5.0_dmin500.0km,29233,6,-1.846505135525581,0.018750088927962896,6.055979815440114,0.7662438763348368,426.6567455850264,0.7184114683727694,2015,-5.0,500.0,B_prime
Bprime_y2015_theta-7.0_dmin0.5km,29233,6,-1.8465051355255835,0.018750088927962927,-0.3392630861985766,0.7724572791088802,0.7122950294449503,0.7184114683727694,2015,-7.0,0.5,B_prime
Bprime_y2015_theta-7.0_dmin1.0km,29233,6,-1.8465051355255793,0.01875008892796292,0.5526635945765168,0.7712656710418375,1.7378758551545308,0.7184114683727694,2015,-7.0,1.0,B_prime
Bprime_y2015_theta-7.0_dmin2.0km,29233,6,-1.846505135525587,0.018750088927962923,1.3559743229804275,0.7702820272262008,3.8805400146354225,0.7184114683727694,2015,-7.0,2.0,B_prime
Bprime_y2015_theta-7.0_dmin5.0km,29233,6,-1.8465051355255842,0.01875008892796292,2.3837839148200026,0.7691478153811454,10.845865146025059,0.7184114683727694,2015,-7.0,5.0,B_prime
Bprime_y2015_theta-7.0_dmin10.0km,29233,6,-1.8465051355255804,0.0187500889279629,3.063440774825227,0.7684747378094533,21.401066876457982,0.7184114683727694,2015,-7.0,10.0,B_prime
Bprime_y2015_theta-7.0_dmin20.0km,29233,6,-1.8465051355255822,0.018750088927962923,3.706642434352196,0.7678943473931409,40.71686720963298,0.7184114683727694,2015,-7.0,20.0,B_prime
Bprime_y2015_theta-7.0_dmin50.0km,29233,6,-1.846505135525583,0.01875008892796293,4.5287056540422395,0.767232868240626,92.63857708068213,0.7184114683727694,2015,-7.0,50.0,B_prime
Bprime_y2015_theta-7.0_dmin100.0km,29233,6,-1.8465051355255784,0.018750088927962896,4.978675752036963,0.7669090339875329,145.28186499805926,0.7184114683727694,2015,-7.0,100.0,B_prime
Bprime_y2015_theta-7.0_dmin200.0km,29233,6,-1.846505135525582,0.018750088927962903,5.369130790538918,0.7666499882380574,214.67618801052305,0.7184114683727694,2015,-7.0,200.0,B_prime
Bprime_y2015_theta-7.0_dmin500.0km,29233,6,-1.8465051355255817,0.018750088927962913,5.657574997304353,0.7664717368747793,286.4531499503547,0.7184114683727694,2015,-7.0,500.0,B_prime
A1_baseline_cepii_y2020,28881,8,-1.8596202019116,0.019030780869036517,4.642278708408718,0.7291265130093896,103.78056399073819,0.7292034850618254,2020,,,A1_baseline_cepii_intra
A2_baseline_polygon_y2020,28881,8,-1.859620201911605,0.019030780869036534,4.846988929075365,0.7289478496066707,127.35633297367524,0.7292034850618254,2020,,,A2_baseline_polygon_intra
Bprime_y2020_theta-3.0_dmin0.5km,28881,8,-1.8596202019116066,0.01903078086903654,1.2102965116797066,0.7330074845721664,3.354479147348597,0.7292034850618254,2020,-3.0,0.5,B_prime
Bprime_y2020_theta-3.0_dmin1.0km,28881,8,-1.8596202019116053,0.019030780869036517,1.993967032239409,0.7319746469727044,7.344612360326054,0.7292034850618254,2020,-3.0,1.0,B_prime
Bprime_y2020_theta-3.0_dmin2.0km,28881,8,-1.8596202019115997,0.019030780869036524,2.736337722939747,0.7310760434822923,15.430371197257822,0.7292034850618254,2020,-3.0,2.0,B_prime
Bprime_y2020_theta-3.0_dmin5.0km,28881,8,-1.8596202019115982,0.01903078086903649,3.5935631819854317,0.7301353859805478,36.363414825250125,0.7292034850618254,2020,-3.0,5.0,B_prime
Bprime_y2020_theta-3.0_dmin10.0km,28881,8,-1.859620201911599,0.019030780869036493,4.104300785688936,0.7296245071428412,60.600357093440365,0.7292034850618254,2020,-3.0,10.0,B_prime
Bprime_y2020_theta-3.0_dmin20.0km,28881,8,-1.8596202019116075,0.01903078086903653,4.515015482199351,0.7292405952042854,91.37898075903318,0.7292034850618255,2020,-3.0,20.0,B_prime
Bprime_y2020_theta-3.0_dmin50.0km,28881,8,-1.8596202019115968,0.01903078086903651,4.953366292606691,0.7288573676645163,141.65100094920442,0.7292034850618254,2020,-3.0,50.0,B_prime
Bprime_y2020_theta-3.0_dmin100.0km,28881,8,-1.859620201911604,0.019030780869036507,5.15061129677739,0.7286938698229161,172.53692935519427,0.7292034850618254,2020,-3.0,100.0,B_prime
Bprime_y2020_theta-3.0_dmin200.0km,28881,8,-1.8596202019115975,0.019030780869036507,5.265614125135304,0.728601106992457,193.56514551455552,0.7292034850618254,2020,-3.0,200.0,B_prime
Bprime_y2020_theta-3.0_dmin500.0km,28881,8,-1.8596202019116035,0.0190307808690365,5.286033432959748,0.7285848340090579,197.55824118791278,0.7292034850618254,2020,-3.0,500.0,B_prime
Bprime_y2020_theta-5.0_dmin0.5km,28881,8,-1.8596202019116008,0.01903078086903648,-0.4960289567826588,0.7355538465754563,0.608944007758312,0.7292034850618254,2020,-5.0,0.5,B_prime
Bprime_y2020_theta-5.0_dmin1.0km,28881,8,-1.859620201911604,0.019030780869036524,0.36893821301577523,0.7342122520244707,1.4461982446860266,0.7292034850618254,2020,-5.0,1.0,B_prime
Bprime_y2020_theta-5.0_dmin2.0km,28881,8,-1.8596202019116044,0.019030780869036527,1.1387628414061934,0.7331060594897387,3.1229024487013093,0.7292034850618254,2020,-5.0,2.0,B_prime
Bprime_y2020_theta-5.0_dmin5.0km,28881,8,-1.8596202019115988,0.019030780869036507,2.0618738385913127,0.7318892180635381,7.860685674606553,0.7292034850618254,2020,-5.0,5.0,B_prime
Bprime_y2020_theta-5.0_dmin10.0km,28881,8,-1.859620201911599,0.01903078086903651,2.6949454112082107,0.7311240978248785,14.80471055996652,0.7292034850618255,2020,-5.0,10.0,B_prime
Bprime_y2020_theta-5.0_dmin20.0km,28881,8,-1.859620201911599,0.019030780869036503,3.2173473556031196,0.7305353960710121,24.961817456228843,0.7292034850618254,2020,-5.0,20.0,B_prime
Bprime_y2020_theta-5.0_dmin50.0km,28881,8,-1.8596202019115993,0.019030780869036517,3.808864534123981,0.729915505468186,45.09920117852674,0.7292034850618254,2020,-5.0,50.0,B_prime
Bprime_y2020_theta-5.0_dmin100.0km,28881,8,-1.8596202019116042,0.019030780869036534,4.161318643693535,0.7295697748094535,64.1560658381017,0.7292034850618254,2020,-5.0,100.0,B_prime
Bprime_y2020_theta-5.0_dmin200.0km,28881,8,-1.8596202019115984,0.019030780869036493,4.475901284626353,0.7292761219166077,87.87376400248667,0.7292034850618255,2020,-5.0,200.0,B_prime
Bprime_y2020_theta-5.0_dmin500.0km,28881,8,-1.8596202019116013,0.019030780869036503,4.708295622970821,0.7290682430823434,110.86304636148523,0.7292034850618254,2020,-5.0,500.0,B_prime
Bprime_y2020_theta-7.0_dmin0.5km,28881,8,-1.859620201911603,0.019030780869036527,-0.9240124717097893,0.736256117384416,0.3969231984840728,0.7292034850618254,2020,-7.0,0.5,B_prime
Bprime_y2020_theta-7.0_dmin1.0km,28881,8,-1.8596202019115984,0.019030780869036514,-0.059045301911556436,0.7348630491375611,0.9426640637057463,0.7292034850618254,2020,-7.0,1.0,B_prime
Bprime_y2020_theta-7.0_dmin2.0km,28881,8,-1.859620201911605,0.01903078086903651,0.7107793264788507,0.7337108110042255,2.0355770197249043,0.7292034850618254,2020,-7.0,2.0,B_prime
Bprime_y2020_theta-7.0_dmin5.0km,28881,8,-1.8596202019116037,0.01903078086903654,1.633890323664,0.7324384860047916,5.123769115863523,0.7292034850618254,2020,-7.0,5.0,B_prime
Bprime_y2020_theta-7.0_dmin10.0km,28881,8,-1.8596202019116002,0.019030780869036517,2.2669618962810265,0.7316351574029749,9.650038416052238,0.7292034850618254,2020,-7.0,10.0,B_prime
Bprime_y2020_theta-7.0_dmin20.0km,28881,8,-1.8596202019116002,0.019030780869036517,2.7893638406758656,0.7310148369116096,16.270665772990274,0.7292034850618254,2020,-7.0,20.0,B_prime
Bprime_y2020_theta-7.0_dmin50.0km,28881,8,-1.8596202019116022,0.0190307808690365,3.380881019196735,0.7303590527721193,29.39665872853166,0.7292034850618254,2020,-7.0,50.0,B_prime
Bprime_y2020_theta-7.0_dmin100.0km,28881,8,-1.8596202019115995,0.01903078086903652,3.7333351287661847,0.7299918915474879,41.8183454146337,0.7292034850618254,2020,-7.0,100.0,B_prime
Bprime_y2020_theta-7.0_dmin200.0km,28881,8,-1.8596202019115993,0.019030780869036524,4.047917769699064,0.7296790848910998,57.278066663461544,0.7292034850618254,2020,-7.0,200.0,B_prime
Bprime_y2020_theta-7.0_dmin500.0km,28881,8,-1.8596202019115968,0.019030780869036493,4.280312108043431,0.7294570413795018,72.26299034860106,0.7292034850618254,2020,-7.0,500.0,B_prime
